Department,Faculty
Economics,Arts and Science-Financial Economics
Education,Arts and Science-Humanities and Social Sciences
Media Studies,Arts and Science-Humanities and Social Sciences
Political Studies and Public Administration,Arts and Science-Humanities and Social Sciences
Psychology,Arts and Science-Humanities and Social Sciences
Arabic and Near Eastern Languages,Arts and Science-Humanities and Social Sciences
English Language and Literature,Arts and Science-Humanities and Social Sciences
History and Archaeology,Arts and Science-Humanities and Social Sciences
Fine Arts and Art History,Arts and Science-Humanities and Social Sciences
Philosophy,Arts and Science-Humanities and Social Sciences
Applied Math,Arts and Science-Sciences
Mathematics,Arts and Science-Sciences
Statistics,Arts and Science-Sciences
Biology,Arts and Science-Sciences
Chemistry,Arts and Science-Sciences
Physics,Arts and Science-Sciences
Computer Science,Arts and Science-Sciences
Geology,Arts and Science-Sciences
Agriculture,Agricultural and Food Sciences
Landscape Design and Ecosystem Management,Agricultural and Food Sciences
Nutrition and Food Sciences,Agricultural and Food Sciences
Environmental Health,Health Sciences
Epidemiology and Population Health,Health Sciences
Promotion and Community Health,Health Sciences
Health Promotion and Community,Health Sciences
Health Management and Policy,Health Sciences
Division of Health Professions,Health Sciences
"Anatomy, Cell Biology, and Physiological Science",Medicine
Biochemistry and Molecular Genetics,Medicine
"Experimental Pathology, Immunology, and Microbiology",Medicine
Pharmacology and Toxicology,Medicine
Nursing,School of Nursing
Architecture and Design,Engineering and Architecture
Biomedical Engineering,Engineering and Architecture
Civil and Environmental Engineering,Engineering and Architecture
Chemical Engineering and Advanced Energy,Engineering and Architecture
Electrical and Computer Engineering,Engineering and Architecture
Green Technologies,Engineering and Architecture
Industrial Engineering and Management,Engineering and Architecture
Mechanical Engineering,Engineering and Architecture
Business,School of Business
